,precision,recall,f1-score,support
0,0.9375476493011435,0.966025137470542,0.9515733814805262,15276.0
1,0.67643391521197,0.5246615087040619,0.590958605664488,2068.0
accuracy,0.9133994464944649,0.9133994464944649,0.9133994464944649,0.9133994464944649
macro avg,0.8069907822565567,0.7453433230873019,0.771265993572507,17344.0
weighted avg,0.906413931468094,0.9133994464944649,0.9085757248622394,17344.0
