,precision,recall,f1-score,support
0,0.8762493424513415,0.8836870026525199,0.8799524564183835,7540.0
1,0.7714360177221787,0.7587798000512689,0.7650555699147067,3901.0
accuracy,0.8410978061358273,0.8410978061358273,0.8410978061358273,0.8410978061358273
macro avg,0.8238426800867601,0.8212334013518944,0.8225040131665451,11441.0
weighted avg,0.8405114891370802,0.8410978061358273,0.8407764443345759,11441.0
